timestamp,C3_log_mu,C4_log_mu
30876.8584444,-2.2858064857530374,-2.1733748107849085
30876.9697253,-2.3039315274421788,-2.1569369100803
30877.0806825,-2.2835329340885906,-2.1285665636072935
30877.1931321,-2.2569853432025915,-2.1371283723937737
30877.3054925,-2.265135015147446,-2.1774297651401224
30877.4174448,-2.2928893500001637,-2.188758914999298
30877.5290901,-2.290128368222327,-2.160050586456028
30877.6420749,-2.253757927249433,-2.129975798448556
30877.7541517,-2.231563208760849,-2.155516262232885
30877.8705924,-2.221986513779842,-2.2353394837734335
30877.9834548,-2.1950863611367994,-2.2607186376198185
30878.0935219,-2.162552894283542,-2.1827671814599254
30878.2051881,-2.1607608722050387,-2.0826053255677177
30878.3159152,-2.207331271767917,-2.0432940258075982
30878.4284433,-2.2553838752423294,-2.0685024532211123
30878.5413071,-2.2382650007423646,-2.098622040341435
30878.6522897,-2.1816716181866425,-2.0981921231400027
30878.7647089,-2.15869798222847,-2.091729086289811
30878.8755696,-2.1840961390970692,-2.1094293848778416
30878.986494,-2.195720244986508,-2.1154042534050173
30879.098323,-2.1303627610693705,-2.047678354186376
30879.2086671,-2.0378367740752457,-1.9498300122473589
30879.3203317,-1.996598375221477,-1.9024270394813774
30879.4314738,-2.0067296213521364,-1.9258204674146693
30879.5441414,-2.021101173434561,-1.9715669319956102
30879.656186,-2.008612650247617,-1.955070714169368
30879.7656215,-1.9938794812647134,-1.8870438503667095
30879.8767144,-2.0121334873966625,-1.8513165515105536
30879.9889026,-2.0504457452556912,-1.8881164421214993
30880.0998813,-2.0472021744069253,-1.967428440069822
30880.2114715,-1.988833899333597,-1.9872702993008111
30880.3221804,-1.93622639795438,-1.909362992259887
30880.4352355,-1.9260668048449676,-1.8383969408932053
30880.5465525,-1.9513683504318577,-1.8431379394621465
30880.6581263,-1.9748239047520337,-1.9307659464165268
30880.7690914,-1.975502426751426,-2.0376574929779774
30880.8784616,-1.9832540729397121,-2.0595351723943245
30880.9904907,-2.0182595357553184,-2.016605550377714
30881.1043476,-2.068111131363746,-1.9960752788352758
30881.2163302,-2.100631553304785,-2.031709583228272
30881.3284504,-2.1057502752147688,-2.095836175307915
30881.4402223,-2.1026109087859015,-2.1280042480510195
30881.551922,-2.092093016133363,-2.11370552463489
30881.6623069,-2.0772929557056217,-2.08568764417194
30881.7750187,-2.0764018324557596,-2.0724964833251933
30881.8875134,-2.1122838249542233,-2.0828822015660937
30881.9997597,-2.196328838213094,-2.12378734439216
30882.112324,-2.2795852813046804,-2.163831861001512
30882.2243723,-2.303630296580948,-2.149018234449431
30882.3346296,-2.2857002524350447,-2.091630452216618
30882.4447356,-2.2763660655603775,-2.0598469946503806
30882.5558812,-2.320426128724495,-2.0841689000139856
30882.6674529,-2.4026310592304245,-2.1341098124015696
30882.7796277,-2.4906361819446197,-2.140179180543613
30882.8908578,-2.58046413606761,-2.0982915236268793
30883.0011016,-2.6589365617368474,-2.0778929216838016
30883.1133217,-2.700338090981228,-2.1053591671590204
30883.2260483,-2.68752093629804,-2.1470526382762825
30883.3390177,-2.641944949616802,-2.1461334925730435
30883.4528524,-2.6038158135176426,-2.1085476393652143
30883.5674073,-2.5489799000096602,-2.1064807470298614
30883.6788022,-2.4543037718171847,-2.1535240227489356
30883.7924338,-2.3738015324766253,-2.2184925454528535
30883.9047984,-2.347813268652534,-2.2522768072468873
30884.0187168,-2.3635853243357103,-2.2410029954133286
30884.1308134,-2.348786673971668,-2.22549448623746
30884.2424001,-2.2644666867423604,-2.212857607939295
30884.3557171,-2.161747999811091,-2.195371855685466
30884.470358,-2.1036989740761074,-2.1752847820422496
30884.5842977,-2.1096395743428653,-2.163608907241218
30884.6962388,-2.149947816809468,-2.156092036570109
30884.8085372,-2.1719446549501744,-2.119617510299749
30884.9217187,-2.147669312268624,-2.061239294798487
30885.0349928,-2.123153090932561,-2.0422256320778933
30885.1470213,-2.1350667298766,-2.107265034981997
30885.2590692,-2.1843950381686166,-2.229859937224008
30885.3706525,-2.2403066702922336,-2.2551201720657104
30885.4818292,-2.2531031904188703,-2.122604675112624
30885.5930919,-2.2274801444106687,-2.011953722310679
30885.7041925,-2.2039256739103923,-2.017246286434617
30885.8153226,-2.2168636068736984,-2.1261162140151164
30885.9285882,-2.2787902053913776,-2.2127116784043444
30886.0410101,-2.3705411627201856,-2.1127774615281023
30886.1524992,-2.4200672680237045,-1.940510159508052
30886.2633898,-2.3337367303815415,-1.843138544857464
30886.3748155,-2.196890342808189,-1.8329207153999658
30886.4866915,-2.1215351018598176,-1.8742166442793895
30886.5988265,-2.140482388332733,-1.9127054693233376
30886.7101486,-2.2221954648514615,-1.8976231774450967
30886.8219807,-2.250861487215612,-1.8527536780210652
30886.933976,-2.189851674246606,-1.8242195387857405
30887.0446663,-2.141631851667876,-1.8397574727192425
30887.1570598,-2.164028239276846,-1.8936526231339714
30887.2677535,-2.232389043185428,-1.9304996605762335
30887.378923,-2.2400357031114084,-1.9157850254905822
30887.4905348,-2.1752579686015268,-1.880382829422858
30887.6006696,-2.1444651270622517,-1.869998826166715
30887.7126976,-2.1925453545821862,-1.909832128312759
30887.8235668,-2.2984289094953394,-1.9896235648025171
30887.9355318,-2.3784983416443413,-2.075239512806176
30888.0460983,-2.386173392690086,-2.139919263533298
30888.1576941,-2.3930263918635903,-2.1748365705288175
30888.2688184,-2.4460220629602256,-2.181319887347562
30888.3813986,-2.4527671406734046,-2.15900547018803
30888.4928263,-2.3080706622634923,-2.1144225258146463
30888.6069999,-2.1304975636629147,-2.0724721191524376
30888.7180227,-2.026342744918103,-2.064725332149776
30888.8298206,-2.0264972989562406,-2.0840559719475884
30888.941782,-2.111027848655403,-2.1107743865791435
30889.0542273,-2.187965847065224,-2.116088628755715
30889.1657283,-2.1569483501888924,-2.0839012450418415
30889.2785024,-2.0636878045008675,-2.048295604027955
30889.3904107,-2.0227156298957034,-1.9942532159663586
30889.5029493,-2.0583481211899985,-1.9169000614482508
30889.6156282,-2.0964161178321414,-1.8562909426493337
30889.7294905,-2.0602456584694147,-1.842656415700883
30889.8431562,-1.98994258345222,-1.8895793637568288
30889.9558248,-1.9704041290098882,-1.961876229376048
30890.0687446,-2.032585472774066,-1.9963498877387142
30890.1826399,-2.1504947027604047,-1.9971830830007464
30890.2973845,-2.2557654457881613,-2.016097751330496
30890.4116698,-2.2893226018781125,-2.0771829813167417
30890.5265636,-2.2703381675010226,-2.124719176679283
30890.6398404,-2.234553780058084,-2.073685798626421
30890.7533699,-2.2089449538616805,-1.988100220948155
30890.8659764,-2.2039017315798506,-1.9575153041294626
30890.9774117,-2.2182205550697205,-2.0042081683482027
30891.0876122,-2.2223702820866817,-2.1229966260917603
30891.1993591,-2.1734378815020223,-2.2732701711585763
30891.3131232,-2.1162833072544722,-2.3947039276535826
30891.4256407,-2.1123592181723736,-2.4335526517076884
30891.5367492,-2.1643476922860025,-2.4025682656346468
30891.6468076,-2.1756431469278983,-2.39451420243722
30891.757809,-2.075823017946736,-2.4378402076551478
30891.8702286,-1.9673188017645298,-2.493382109031436
30891.9812016,-1.9467607083574154,-2.500353913629362
30892.0944271,-2.03033961424057,-2.4540065497363477
30892.2067684,-2.1345838912003683,-2.4376136447480548
30892.3174652,-2.1284033918870966,-2.5014383608196913
30892.4278596,-2.0421581734174383,-2.6206973683544525
30892.5406163,-1.998559257854605,-2.6815228140467258
30892.6521581,-2.036320130008135,-2.587281634758153
30892.7647927,-2.1014807364156756,-2.4681629732277712
30892.8765337,-2.087177655874197,-2.4222534469815065
30892.98959,-1.993181785600884,-2.462254162431584
30893.1031945,-1.911533688739603,-2.554884473431834
30893.2165179,-1.8874059073558573,-2.6095927421149203
30893.3295633,-1.916464495171626,-2.5504921711793664
30893.4422674,-1.956168346432873,-2.451619969474268
30893.555995,-1.9693631258268882,-2.39430008858661
30893.6688415,-1.9597933009200323,-2.375688017497058
30893.7807855,-1.9462864686385444,-2.373386908779511
30893.8927905,-1.9431372163256921,-2.3599512021912403
30894.0060138,-1.9382977709265055,-2.279288438687032
30894.1189476,-1.927568156402463,-2.1248411471729916
30894.2312503,-1.93394372757816,-1.9846706726246968
30894.3438272,-1.9662161584995623,-1.9273674371123877
30894.4569018,-1.9976113800951654,-1.9766774448015407
30894.5695504,-2.001266905065201,-2.088784060553956
30894.6818938,-2.0061244884998604,-2.1160815380201288
30894.7942985,-2.0722183033148895,-2.0044508659877973
30894.9055217,-2.216594431833389,-1.9101341448620799
30895.0166516,-2.361179561434098,-1.921211876729387
30895.1289588,-2.3574544531317105,-2.0242426288090383
30895.240749,-2.253127956961176,-2.110754446396927
30895.3531284,-2.2024851110455668,-2.0652989815043923
30895.4658757,-2.2240434253850743,-1.9816320794861022
30895.5781282,-2.2745940275319376,-1.9823813223792117
30895.6923896,-2.2925311139072893,-2.099869147434836
30895.8049323,-2.2586081211720908,-2.3185292492108163
30895.9183639,-2.2289296850719587,-2.5138919752339692
30896.0316524,-2.228748080009585,-2.5138682750024137
30896.1450483,-2.2614425838097403,-2.4433611971574885
30896.2585212,-2.2992776988711463,-2.4171980782310483
30896.3708698,-2.296616133961016,-2.4170170884169333
30896.4835242,-2.263776799777773,-2.3492734585021102
30896.5942472,-2.235800045360157,-2.1826740828121993
30896.7052621,-2.245645295926471,-2.033631085001524
30896.816632,-2.2844324216853575,-1.9638960711743945
30896.9301493,-2.3202461431635397,-1.9661128218589838
30897.0412612,-2.347085209427694,-2.0109614336871178
30897.1534802,-2.36381254370607,-2.0354371108593976
30897.2667451,-2.390933392507064,-2.009143139841098
30897.3775123,-2.4315806322927904,-1.9689702260894353
30897.4905876,-2.457631745642151,-1.9563044073013227
30897.604367,-2.4561105016592495,-1.9844934150186109
30897.7182281,-2.4199152707546134,-2.009076354221836
30897.8303605,-2.3592958672976536,-1.9944639941116844
30897.9418404,-2.293766049480813,-1.9722840747261519
30898.0554441,-2.2460709583253284,-1.984144100528287
30898.1710296,-2.2334616285018734,-2.0655474429114835
30898.2850456,-2.2478102493214176,-2.2043487777741917
30898.3991063,-2.247504805674963,-2.3414148973593996
30898.5112724,-2.202462609669179,-2.4215804582979903
30898.6237394,-2.1453430919943353,-2.4431879130790977
30898.734633,-2.11996315508132,-2.462931492574695
30898.8455704,-2.138909801490572,-2.4592969724101232
30898.9570389,-2.1655422433207363,-2.416541268188562
30899.0680364,-2.1500748896403317,-2.397407060432833
30899.1798237,-2.10974820132278,-2.4369544322861687
30899.2915251,-2.0922264798244443,-2.508185910740644
30899.4036737,-2.1127920794027277,-2.4524632402703186
30899.5142429,-2.147886683293625,-2.2486786474507823
30899.6263013,-2.169521140082395,-2.090302369908443
30899.7389939,-2.1692191834201564,-2.048547314334353
30899.8521589,-2.139707644144667,-2.1075997404331965
30899.9626864,-2.090459191552444,-2.1871988033577203
30900.0751957,-2.0479549329904083,-2.171353453562941
30900.1870234,-2.0468317015541415,-2.0944439421201375
30900.3000548,-2.0900957320261466,-2.063430013657935
30900.4124125,-2.1412131038106694,-2.1093350999266884
30900.5235429,-2.1306123309580927,-2.1785956480430664
30900.6356749,-2.0534363934151005,-2.171726185183232
30900.7522267,-1.9953646326996417,-2.091181174616571
30900.8655437,-2.0034093979730785,-2.0309887589723696
30900.9791662,-2.0357348749119017,-2.048853441121043
30901.0921793,-1.9774140855015558,-2.140949552011376
30901.2037583,-1.8448782975901463,-2.2712340088441456
30901.3163521,-1.752455901612854,-2.367197317165649
30901.4285989,-1.7574897998664656,-2.3631314373694106
30901.5416565,-1.8553352111806933,-2.3503027860025036
30901.6523309,-1.9556679446381136,-2.3965314869531955
30901.765102,-1.9398017458587116,-2.488821076830221
30901.8773675,-1.8622094121715305,-2.5389699627364966
30901.9883207,-1.8361087720232123,-2.4581915967460657
30902.0979765,-1.8804998543995133,-2.3582308301693358
30902.210965,-1.9223144996605515,-2.3067852613066915
30902.32371,-1.891343490910013,-2.285256947414166
30902.4349135,-1.8382859316589852,-2.2687737196840874
30902.5469584,-1.8296522565669362,-2.252500232718505
30902.658533,-1.8839795367553205,-2.24302189066103
30902.7694191,-1.9795329352901203,-2.2275710368749384
30902.881283,-2.0591386181111067,-2.197904329575144
30902.9941163,-2.097080892166923,-2.177085359275651
30903.1067398,-2.0993905082027573,-2.1967052658134705
30903.2191704,-2.074797857336316,-2.2458581533182174
30903.3306733,-2.0422779855314053,-2.2441983674999304
30903.4444331,-1.9907349582300957,-2.159122713179935
30903.5575475,-1.9341765422763435,-2.0708308450735533
30903.6707313,-1.9000899859400844,-2.062009077313904
30903.7855652,-1.9023864473034213,-2.147517621446182
30903.8986616,-1.9319299569137742,-2.2481041383080997
30904.0117654,-1.9500750801354827,-2.229981239006436
30904.1238628,-1.9290159261257591,-2.1380591406816585
30904.2377171,-1.9028411474856302,-2.1159186724771986
30904.351398,-1.903277112112388,-2.207337423320844
30904.4641539,-1.9207932067313154,-2.3285050230646758
30904.5768728,-1.93141284611253,-2.3169984374773573
30904.690413,-1.9145355561373358,-2.2040370290729046
30904.8025773,-1.9063337990361338,-2.1344381490010447
30904.9160448,-1.9426378921709238,-2.1447308361203112
30905.0293071,-2.0100327328409278,-2.1671880991084365
30905.1410948,-2.0653332195870346,-2.1398785125694175
30905.2529822,-2.0659551529910156,-2.0881720902043295
30905.3651806,-2.0527943423198525,-2.0487045879675616
30905.4779404,-2.089768199117848,-2.037040795066621
30905.5906713,-2.1726431918146303,-2.041152151037217
30905.7024069,-2.231050157604187,-2.05988390009807
30905.8149859,-2.194822963288509,-2.093158872968236
30905.9274564,-2.13596103402235,-2.0982808673273827
30906.0389483,-2.153055819918138,-2.0615274233944296
30906.1523541,-2.256621972623909,-2.030815209489157
30906.2687548,-2.3598484247495466,-2.032816343284668
30906.3809828,-2.331961978155107,-2.0631880685277904
30906.4932176,-2.234963081933959,-2.0867070415800195
30906.6056405,-2.195872884166089,-2.077277669683782
30906.7197715,-2.240121387520961,-2.0632620118466733
30906.8340454,-2.3219523202978976,-2.0692966715017604
30906.9470329,-2.356105082041361,-2.1035712587208035
30907.0601314,-2.3415383561313625,-2.1515515139627976
30907.1743947,-2.338706209285269,-2.1857598938475267
30907.2881947,-2.365379980468844,-2.1986326298485546
30907.4014841,-2.3993867947674627,-2.182741091297947
30907.5175318,-2.403746977829237,-2.160771711674629
30907.6297506,-2.3463147825053006,-2.1660650043071885
30907.7434007,-2.235587027481073,-2.216524202134799
30907.8598437,-2.1408733357165097,-2.2568942067210305
30907.9726979,-2.110691225514938,-2.1742128831562204
30908.0854117,-2.1480509899334606,-2.0308371943615176
30908.1982898,-2.1897384122345342,-1.9425779181023994
30908.3111637,-2.167003788827134,-1.957821365116881
30908.4240038,-2.105883233036608,-2.054017663306008
30908.5371663,-2.0765722439739287,-2.0992321596008603
30908.6508985,-2.0894012004152516,-2.009778745286512
30908.7638059,-2.084165797612679,-1.9161062169263516
30908.8760969,-2.0471348419680564,-1.9293064763033219
30908.9924305,-2.022827402891639,-2.055304806881738
30909.1056274,-2.0517775026999425,-2.164833043974778
30909.2193172,-2.112611461697959,-2.0886272315429646
30909.3305734,-2.1344073933220713,-1.9678953882694459
30909.4438016,-2.1250324264237905,-1.9500612693570532
30909.5546042,-2.139247249596244,-2.0366650651709794
30909.667105,-2.204602272806045,-2.1143618687743286
30909.7813384,-2.2519612260006894,-2.039982136095991
30909.8930755,-2.180675909944291,-1.9196693998364094
30910.0044615,-2.0859185585289857,-1.8892364022505397
30910.1174381,-2.067534446738159,-1.9741717524589644
30910.2296992,-2.1418107118521625,-2.1165135546784586
30910.3422378,-2.2655126845116573,-2.1649429793220762
30910.4539953,-2.306772857452081,-2.0799884732493603
30910.5659755,-2.222837307392289,-2.017612808526143
30910.6786018,-2.1286640813563005,-2.046336744857205
30910.7899161,-2.087961756967784,-2.124214311740265
30910.8998267,-2.1162639066177076,-2.1410399466707135
30911.011663,-2.1673130310253943,-2.059665377007706
30911.1207341,-2.1886772974851754,-1.9946646673700366
30911.2322868,-2.174804708407482,-2.0115935288231723
30911.3438866,-2.1604020337805387,-2.1001027701903383
30911.4548362,-2.1914971840884774,-2.224309631830272
30911.5675953,-2.254334603883197,-2.335599806395353
30911.6834629,-2.28346835644491,-2.4012024097766935
30911.796144,-2.235637963565141,-2.4040068491565956
30911.9077118,-2.148637509573233,-2.3436841732713423
30912.0200598,-2.066492585183173,-2.277313162592692
30912.133715,-2.0129929415142467,-2.252823302961935
30912.2473791,-2.0077251128664058,-2.2613902383443394
30912.3618714,-2.0560855559668845,-2.264876785150486
30912.4766198,-2.132749489168709,-2.2324872873516437
30912.5902525,-2.1584080282819356,-2.201856843056053
30912.7028366,-2.0983517288773,-2.2060080681088032
30912.8157567,-2.0409375548250286,-2.2318171803238354
30912.929487,-2.04933946535168,-2.2512790149804722
30913.0497882,-2.109802186738094,-2.2521275288750324
30913.1626298,-2.138044630365521,-2.2665837114902962
30913.2736624,-2.0797161428184143,-2.3028852839671794
30913.3858779,-2.0077231615225006,-2.3240718994092178
30913.4979168,-1.992483099705032,-2.292505716375785
30913.6100893,-2.036860477075735,-2.198915353756755
30913.7212298,-2.1182483811407673,-2.0988656246161
30913.832037,-2.1962343562121878,-2.037080066462159
30913.9458645,-2.2291617849272973,-2.0230822619155457
30914.0581264,-2.2195158604690244,-2.056355292059513
30914.1704145,-2.1898339574798813,-2.0845213509282394
30914.2833991,-2.1634799763320127,-2.0449425153094656
30914.396461,-2.1547243222607784,-1.9709643409434376
30914.51109,-2.160802889109852,-1.936088977960815
30914.6247955,-2.170557676121037,-1.9637144368356605
30914.7378813,-2.1718919412522166,-2.0116917767790548
30914.8500349,-2.1706539124032362,-2.0088486706928226
30914.9637691,-2.1899187364595853,-1.9639570758697533
30915.0762189,-2.2533478506870717,-1.9486910839843932
30915.1896001,-2.3522138341259944,-1.995335829623985
30915.3033156,-2.419244945334584,-2.0838309163783717
30915.4171881,-2.400511791425361,-2.148107864409805
30915.5298196,-2.3411636343761844,-2.141222407211638
30915.6446451,-2.307869619046438,-2.1139081162195015
30915.7590581,-2.3088268580910865,-2.1123643147851605
30915.8718682,-2.2933930878424347,-2.124735412290196
30915.9836242,-2.26700585474315,-2.1106117221585667
30916.097867,-2.2877582316002174,-2.0592470750096608
30916.2128819,-2.351134068131699,-2.0174815907804127
30916.3265594,-2.358664143330312,-2.0343194393004467
30916.4416596,-2.2627690460756402,-2.1072110440417404
30916.5551062,-2.179426960109015,-2.149066069693909
30916.6685851,-2.18776099640353,-2.082728525484014
30916.7815014,-2.2557778002615314,-1.9902192535917405
30916.8945855,-2.2806103227311905,-1.9707036228949928
30917.0079984,-2.2182656534033636,-2.0350833113330857
30917.121265,-2.1561675277551884,-2.101995908672534
30917.2344176,-2.1680358254434138,-2.0868997556934037
30917.3466869,-2.2448205461865087,-2.0438367412481075
30917.4602399,-2.2956637969395706,-2.072468418524637
30917.5759306,-2.2605259789673964,-2.206473016176657
30917.6882195,-2.2128868770677736,-2.358900346974058
30917.8027527,-2.2239269438551195,-2.3441151909720173
30917.9145485,-2.291877428985757,-2.2278443790176676
30918.0281972,-2.313229472650037,-2.1971739162522015
30918.137822,-2.231089836403461,-2.28462864895816
30918.2485073,-2.149405108572247,-2.412187967417718
30918.3598891,-2.15565287448667,-2.402053661563954
30918.4746825,-2.264027226067866,-2.269755807330471
30918.5883653,-2.3662728594659863,-2.194448532374048
30918.7013236,-2.3067265788475315,-2.216213831598152
30918.8146697,-2.194787120172862,-2.28990255339524
30918.9292119,-2.1762632526115775,-2.3100366426266485
30919.0398956,-2.2733769706891307,-2.223201099226181
30919.1539341,-2.378134140963773,-2.141284187791723
30919.2664655,-2.32913074638913,-2.1369900451638157
30919.3780912,-2.2075824106558986,-2.1957647900450223
30919.4900674,-2.161286671419928,-2.27038151253718
30919.6027792,-2.208976522370371,-2.275969568685485
30919.7132779,-2.2823350195246976,-2.228389278619766
30919.828579,-2.299043278909241,-2.2093526967337898
30919.9412992,-2.264647273592136,-2.2254924160385365
30920.0547343,-2.24869147929709,-2.2488775537985393
30920.1657622,-2.279542923941768,-2.2330527762810153
30920.2779588,-2.3090841225557455,-2.1955670227380826
30920.3890595,-2.2854094210349007,-2.200162777003169
30920.5018238,-2.2347762299212968,-2.248732350588874
30920.6127445,-2.213156733650109,-2.2852270990059766
30920.7252004,-2.249195235789381,-2.2506668766750857
30920.8382794,-2.30083841699792,-2.177507745471973
30920.9496701,-2.287907609685251,-2.134456580960173
30921.0653814,-2.2267378422324837,-2.1363287541983644
30921.17728,-2.2093077816560207,-2.1534677142597953
30921.2922267,-2.274786654343896,-2.14974811903678
30921.4061693,-2.3740790037228554,-2.127703657502766
30921.5202734,-2.386233900475652,-2.1171797420698186
30921.6340498,-2.2886224006930393,-2.1340999121628226
30921.7484218,-2.222363361175477,-2.1741954320650363
30921.8598167,-2.21745754579726,-2.218859306560016
30921.9738713,-2.223962138818483,-2.2334074068425775
30922.0843304,-2.1963952695467737,-2.215449830649958
30922.197638,-2.1233955323835856,-2.2016698842784677
30922.3112405,-2.046045432187776,-2.2222114564052635
30922.428288,-1.983069341201514,-2.2674590302757105
30922.5412336,-1.9400738893782674,-2.284073573444668
30922.6543276,-1.9221653529022877,-2.274954729905616
30922.7670293,-1.9190530949804276,-2.2756517567752494
30922.8799602,-1.920100808376762,-2.281197019823064
30922.9924306,-1.9201804120037267,-2.2796362503003005
30923.1043679,-1.9224360256964819,-2.2721486664310704
30923.2164106,-1.9334227015081067,-2.255330108136729
30923.3267211,-1.9533392263078968,-2.2285253038197843
30923.4392866,-1.975960178581171,-2.197776079913661
30923.5547344,-1.9938265295659057,-2.1896587211853715
30923.6647887,-2.0037047809489006,-2.223968173098095
30923.7755842,-2.0091281809649946,-2.2728759264204523
30923.8889095,-2.029672191447795,-2.287390318875554
30924.0025806,-2.0971412569577295,-2.245678129340314
30924.1161029,-2.2318025478333756,-2.2098884226004656
30924.225353,-2.3746910829622174,-2.2306564021368525
30924.3357231,-2.376313570621245,-2.2793325892221787
30924.4485821,-2.2882151114894094,-2.286574934310711
30924.560779,-2.2731074050617566,-2.2445783485902746
30924.6731073,-2.3789383798602493,-2.2316783911824585
30924.7871193,-2.519461185406008,-2.2842939365843526
30924.9019178,-2.471319588559794,-2.348122387202581
30925.0142465,-2.3148531716201806,-2.3411165879272002
30925.1253986,-2.243875748791979,-2.280171349179147
30925.238252,-2.284104302789905,-2.2309858980115296
30925.3511246,-2.3848043047132386,-2.201391658829395
30925.462382,-2.4211726104885614,-2.162567963820746
30925.5737356,-2.3477246332583905,-2.102505337455015
30925.6846835,-2.264863157123326,-2.045386927198974
30925.7971121,-2.232818245903069,-2.0148127365645347
30925.9085046,-2.242861642604886,-2.0122798149008254
30926.0226675,-2.2685207128448726,-2.0291110755621737
30926.1338376,-2.2934766298286955,-2.049959472702476
30926.2469662,-2.287124435925002,-2.0646916177596695
30926.3608199,-2.2522053141312655,-2.0679389733661235
30926.4730684,-2.2071001857262633,-2.0549613386713976
30926.5835739,-2.1694564829026644,-2.036559863982168
30926.6955748,-2.1519842504407642,-2.025529797365758
30926.8087631,-2.139510089310707,-2.02036714130088
30926.9212133,-2.11937245753508,-2.0210921537519617
30927.034276,-2.0807473758596116,-2.0326714124590533
30927.1477587,-2.0467308846629297,-2.0591977125111067
30927.2606786,-2.0576905921928965,-2.0818843398629316
30927.3748261,-2.1166492355233886,-2.074020967341863
30927.486776,-2.1911968117198874,-2.0477576634462475
30927.5993893,-2.1915296878853954,-2.0277599624235516
30927.7123597,-2.07168095188107,-2.027257346561553
30927.8253555,-1.9505666267860569,-2.03042195362151
30927.9377543,-1.9101869827357163,-2.0261616185929774
30928.0499264,-1.9659998365563738,-2.0144864117992363
30928.1622513,-2.075516415351663,-1.9982454080562588
30928.2757218,-2.0844239267202362,-1.988666774377282
30928.3889815,-1.969858427484524,-1.9796577678643508
30928.5022359,-1.8877957259041123,-1.97889056534673
30928.6128606,-1.9115353073889947,-1.9792520272793297
30928.7301003,-2.0172601418947567,-1.9679459050711259
30928.8416461,-2.054948117007254,-1.9622706989785947
30928.9547017,-1.9271750493220507,-1.9718353011394276
30929.0681811,-1.8087175231814738,-1.993636935773601
30929.1806355,-1.8103963252997335,-2.0047925094242136
30929.2928502,-1.924284986672274,-1.9829482831865648
30929.4048256,-2.0567806010429104,-1.948993417423743
30929.5151901,-2.0380169011087657,-1.932409471602769
30929.6281917,-1.9499128044625973,-1.9428291142320508
30929.7408204,-1.9473614195437436,-1.9699069929166828
30929.8538192,-2.0182585531982506,-1.9928033457202095
30929.964366,-2.0627038008522236,-1.998553702815942
30930.0763908,-2.0055864050760874,-1.993994212424068
30930.1882207,-1.9476649469580283,-1.991019352258117
30930.2988691,-1.988719324896001,-2.002872042143307
30930.4114649,-2.1133822171636076,-2.0385758771780473
30930.5237774,-2.1590924288355935,-2.0777396058122317
30930.6360531,-2.021187910691912,-2.089232560345843
30930.7479561,-1.889060985049476,-2.0682597160534253
30930.8580502,-1.8725646676719432,-2.063018610292002
30930.9699112,-1.9600782207579621,-2.1091933530531075
30931.0808567,-2.0464029368313215,-2.187942408103874
30931.193194,-2.007064217040785,-2.251406605340721
30931.303654,-1.914048030370412,-2.2295878151076183
30931.4167467,-1.8915821268680424,-2.151660698589257
30931.528682,-1.9671144284821578,-2.102116984473929
30931.6410508,-2.0882052377255067,-2.103006283284737
30931.7498825,-2.109714026383968,-2.1475385816458443
30931.8624611,-1.9967220917390744,-2.1976090135157222
30931.9754424,-1.8941955459962219,-2.2042426624122546
30932.088305,-1.8651141814621592,-2.1700939916150817
30932.2022089,-1.9162444139054517,-2.1320581732648196
30932.3136586,-2.0165757808260594,-2.117909443411762
30932.426089,-2.095811574523141,-2.1334964341801292
30932.5377106,-2.0934336674082843,-2.1499538569273215
30932.6496286,-2.0309921118371723,-2.1173239132420587
30932.7613544,-1.9893235977573898,-2.063934092300837
30932.8729859,-1.9866373580830172,-2.046924484879799
30932.9858589,-1.9902857130334939,-2.0917210797807213
30933.0967893,-1.980032365556886,-2.17789170166867
30933.2075582,-1.9611779292022997,-2.206619790732286
30933.3217179,-1.9540847233515306,-2.152263000885602
30933.4346288,-1.9641798596309814,-2.1002717404883473
30933.5457669,-1.9936926878172783,-2.087100283229177
30933.6586788,-2.0576908982344606,-2.07918622745555
30933.7716938,-2.1570801293999353,-2.0416209166161425
30933.8833387,-2.2593780751120525,-2.001916188149571
30933.9969922,-2.289054610869322,-1.998068317620263
30934.1079325,-2.2491257580210435,-2.0273843072396205
30934.2207948,-2.235299399187255,-2.052488092442193
30934.3320577,-2.2896027079766825,-2.067460951396623
30934.4445544,-2.3667305637268803,-2.1007353359977454
30934.556134,-2.3763980006381757,-2.1544825965909924
30934.6677542,-2.3234417670445513,-2.1716247907684836
30934.7803151,-2.2910144275127444,-2.102533039641718
30934.8932313,-2.3023673467528143,-2.001074095108029
30935.0051165,-2.303195208528679,-1.929477620469567
30935.1165055,-2.2479134277488333,-1.9087512782824325
30935.2291797,-2.169890910927884,-1.9428721184827713
30935.340189,-2.1259154676329093,-2.0174852845719653
30935.4527899,-2.126371622769056,-2.0925581679715712
30935.5633219,-2.1309796345671397,-2.1002277383347394
30935.6755711,-2.1071747280366546,-2.0410095938266486
30935.7875129,-2.0756739261585095,-2.010149003414822
30935.8990467,-2.0755912330954533,-2.054145237608785
30936.0113489,-2.10066913854383,-2.1250324800067455
30936.1232397,-2.1108553594914268,-2.094710417371871
30936.237193,-2.08125670341953,-1.9670244824841865
30936.3481292,-2.0570049497662506,-1.8741404952217446
30936.4592865,-2.0944590035225716,-1.854649295135915
30936.5708968,-2.1745870157489966,-1.8855420832700645
30936.681533,-2.2208480327360056,-1.9141054175142855
30936.7923038,-2.176250109398018,-1.9063124151006767
30936.9032775,-2.109928946031101,-1.8815625085803016
30937.0148713,-2.1006531720465325,-1.847059968224846
30937.1270536,-2.134955211008888,-1.8044950934820956
30937.238225,-2.1597911709639614,-1.7745031641545068
30937.3501274,-2.144050774553643,-1.7803500440900706
30937.4616846,-2.115731042397827,-1.8150423562231632
30937.5737599,-2.119871324936231,-1.8202295977367677
30937.6839197,-2.1450962637551125,-1.7671579431391753
30937.7959607,-2.143803239921967,-1.7120292037208718
30937.9053706,-2.110976253170811,-1.7147283210574138
30938.0179472,-2.079660990835369,-1.7872669819166715
30938.1304998,-2.0602251650871364,-1.8873874233852819
30938.2432733,-2.043323832447523,-1.9266998881672748
30938.3560384,-2.0086488327882646,-1.8988018066197196
30938.4690399,-1.9695435464599222,-1.8896464819564907
30938.5816702,-1.9666621985290786,-1.937614259710417
30938.6954536,-2.013722058431303,-2.0295912117581634
30938.8096832,-2.091641141646102,-2.1058706990516005
30938.9230148,-2.1380561523886907,-2.115196675823048
30939.0351584,-2.107545420230612,-2.0731714016710647
30939.1473217,-2.062718056537526,-2.0372492126376462
30939.2591603,-2.0519915462469096,-2.048259320259774
30939.3715593,-2.07922099656435,-2.09831900172074
30939.4848322,-2.1257199421810498,-2.1427417245910196
30939.5979525,-2.166100555145711,-2.1360749860647
30939.7104182,-2.20554164465058,-2.1120861375920765
30939.8223571,-2.2218361161079163,-2.118866102153672
30939.9349956,-2.18565882889401,-2.1606818976918962
30940.0469961,-2.146020194984905,-2.1809363334803717
30940.1588233,-2.1735571181781874,-2.140313381520237
30940.270003,-2.2922092484808423,-2.1104552497058857
30940.3813519,-2.4101835246788146,-2.130483993493647
30940.493849,-2.327814270897434,-2.1743671216879306
30940.6034986,-2.155064106015776,-2.1613266098579222
30940.7148318,-2.030570199680409,-2.082531571429502
30940.8266314,-1.9575367951679992,-2.0353583060105325
30940.9391329,-1.9251772230175206,-2.049411049101653
30941.0490503,-1.9135927435179567,-2.092672210405176
30941.1631887,-1.908599774568933,-2.0900540304522197
30941.277664,-1.8939942357004782,-2.0178506011117414
30941.3923394,-1.8481620515625325,-1.9621330343467924
30941.5069612,-1.8140457867418691,-1.9748035627425984
30941.6166033,-1.8348843243514807,-2.0401429541329734
30941.7281924,-1.8906153105809669,-2.0841146201950225
30941.8398817,-1.9086346869632,-2.035568535501572
30941.9535002,-1.8392443990312013,-1.9452490774896771
30942.0657917,-1.7674713129547772,-1.8809805825446733
30942.1780886,-1.7766712679767127,-1.856389475306952
30942.2894704,-1.8660241857851925,-1.84793237521852
30942.4021355,-1.975563164726907,-1.8227180300254393
30942.5133236,-2.019667054288804,-1.7871003188813666
30942.6257918,-2.0131554417158632,-1.775309404217779
30942.738069,-2.042450040449081,-1.8121437303538146
30942.8519919,-2.1213374345581015,-1.8905867997923176
30942.9645258,-2.187624673183782,-1.9553726320686673
30943.0779218,-2.203775988891896,-1.93574402533204
30943.1905471,-2.221402084201892,-1.8613629497725828
30943.3029828,-2.295265422623776,-1.8087613805660454
30943.4160681,-2.438098789808838,-1.812958111798054
30943.5272532,-2.582531635326526,-1.8571588149480458
30943.6392586,-2.57099101043911,-1.8869338385495493
30943.7530075,-2.4291700724491117,-1.8811644629775315
30943.8708014,-2.303758804014775,-1.880531155337144
30943.9815015,-2.2532145130186403,-1.9351687156611594
30944.09236,-2.289089730926057,-2.044721456606721
30944.2050176,-2.363520040541312,-2.118710588833825
30944.3162747,-2.364853049304414,-2.0691397643346363
30944.4279002,-2.265322322738087,-1.9774580079221677
30944.5372424,-2.171087032561722,-1.9364001151176513
30944.647331,-2.163696352013644,-1.9385118673708563
30944.7577346,-2.2363796168686414,-1.9339103221035105
30944.8687398,-2.2884703206527828,-1.889098435785669
30944.9809966,-2.227072960702066,-1.8401649545924694
30945.0928251,-2.111918302452512,-1.8440315781820347
30945.2044515,-2.047368299435458,-1.9014385447881734
30945.3157051,-2.0657417721914095,-1.9595853790247133
30945.4270834,-2.136010216734317,-1.9608428174404309
30945.5394013,-2.1717204009356994,-1.9298555306993013
30945.6513646,-2.0918227811315275,-1.9360528136455697
30945.762964,-1.9767866709937574,-1.9900596152404473
30945.874494,-1.9252003978897707,-2.034826985729426
30945.9849598,-1.961480894504602,-2.022392317115539
30946.0980197,-2.064280380819614,-1.9895359127094923
30946.20855,-2.138235132674192,-2.0035480894125053
30946.3199579,-2.097286841962923,-2.0957539067365376
30946.4331397,-2.026387061362062,-2.2486352350826935
30946.5444985,-2.022588352703257,-2.405393948265211
30946.6555733,-2.0967116294940555,-2.4921899836111967
30946.7679695,-2.1829384031201178,-2.5062840169299045
30946.8797542,-2.196265636637462,-2.4928407370009578
30946.9911734,-2.1637452705690063,-2.449299846914758
30947.1023452,-2.1591781795746305,-2.3623229402029504
30947.2129845,-2.19183046155251,-2.2671766835437426
30947.3251775,-2.227937929592717,-2.209863082591662
30947.4389472,-2.240621466508432,-2.2015612475290425
30947.5491221,-2.2565204444206723,-2.231163262240155
30947.6618105,-2.303633150175609,-2.259160667739033
30947.7732232,-2.3375083523186495,-2.2654529902289933
30947.8837074,-2.298210417583404,-2.2702976183216537
30947.9948415,-2.229400566222229,-2.2757680352536065
30948.1068579,-2.2144982959095607,-2.2688937079076537
30948.2185072,-2.2670503279175858,-2.2295540539207703
30948.3318822,-2.317440494901751,-2.1683475153374276
30948.4475912,-2.284204689385854,-2.122354719777606
30948.5607493,-2.2086760085448622,-2.108749733171558
30948.6715057,-2.1858183811551006,-2.1280772723975248
30948.7853857,-2.253198679289894,-2.1623543967407852
30948.898683,-2.3380493356147287,-2.1768413697319113
30949.0113688,-2.2931337744580436,-2.156980610364799
30949.1241415,-2.1728316572902737,-2.1284557410261464
30949.2367996,-2.116800777249134,-2.1136641870368327
30949.3491559,-2.143668915841894,-2.108384998497692
30949.4630413,-2.1544281847410325,-2.0958854573734014
30949.5754273,-2.0548576051084213,-2.063769871736168
30949.6888528,-1.9388275418192418,-2.0336787050490495
30949.8032541,-1.9077821124522492,-2.026607649862428
30949.9155903,-1.9674711260565747,-2.028875302560301
30950.0280483,-2.0373545309728374,-2.016689803301829
30950.1395135,-2.0024113636329,-1.987500278783584
30950.2521447,-1.907058360181187,-1.969496128620536
30950.3640586,-1.8663176192620134,-1.9952263224601998
30950.4767246,-1.9026302745482473,-2.0532422197858966
30950.5868623,-1.9696017987015284,-2.090204593629153
30950.6979022,-2.0097897630612227,-2.063793656304003
30950.8097708,-2.01916217716538,-2.0023876804950875
30950.9221831,-2.048735937425119,-1.964320285351727
30951.0351361,-2.1234342459152984,-1.9656503095757831
30951.1468744,-2.2044981513007733,-1.9833292224574859
30951.2594054,-2.2734756176974016,-1.977452456162044
30951.3713685,-2.339817937838907,-1.9408895967427087
30951.4841189,-2.396051090563118,-1.9143387404813452
30951.5965506,-2.4240294430225378,-1.9283547637449199
30951.7068355,-2.409856998899842,-1.9782010255886837
30951.8195022,-2.408741595173869,-2.026293269571891
30951.9312688,-2.4660418565685873,-2.0380758542229045
30952.0421164,-2.5573172122060215,-2.0218528199079073
30952.1529586,-2.6514391075365022,-2.005812252226497
30952.2665107,-2.7004731208290607,-1.997870208953692
30952.3811219,-2.6759619958201206,-1.9976240060450043
30952.4952545,-2.5955232574529217,-2.005893401809342
30952.6111165,-2.520495495488016,-2.0380092444625406
30952.7253289,-2.4968912022780176,-2.110481182156492
30952.8389314,-2.5263153505963087,-2.195713444675093
30952.9532353,-2.559899218214233,-2.233536262440507
30953.0663628,-2.4773089502377776,-2.218726829643237
30953.1805341,-2.311809617062853,-2.2172272941367765
30953.2923166,-2.204639355033426,-2.276136292468224
30953.4058504,-2.1940104718971143,-2.3564221739165814
30953.5199567,-2.2517944634815543,-2.3635995113456545
30953.6323869,-2.278149776168058,-2.281113078789763
30953.7447795,-2.206628741717552,-2.2075434826099745
30953.8577701,-2.130306202247326,-2.197007006300071
30953.9702025,-2.1266473378107826,-2.2285022328466053
30954.0825238,-2.1992591295752693,-2.258641726392847
30954.1956834,-2.2892219232574917,-2.266838441389449
30954.3085,-2.293292129157873,-2.284935402816684
30954.4206624,-2.2286775136964003,-2.3273263666996087
30954.5322885,-2.182656221711512,-2.3484750533015295
30954.6421112,-2.1586341891615946,-2.3035752353137138
30954.7538478,-2.139306927837121,-2.2169292587104925
30954.8649723,-2.1382065722774226,-2.15973001708339
30954.976983,-2.1794805202634193,-2.1569163234792
30955.0899646,-2.2468773580128834,-2.1889966256558373
30955.2029886,-2.2316257765020246,-2.2101632002261993
30955.3158188,-2.106109682984435,-2.18843336547955
30955.4284827,-1.99984513053168,-2.151934255501769
30955.5424765,-1.9778149897763029,-2.145606602671787
30955.6545846,-2.026698188815356,-2.160715342898043
30955.7662402,-2.0626282378033998,-2.149857988522443
30955.8790488,-2.002172534178883,-2.091640189435045
30955.9914579,-1.9154189212043256,-2.0414135704615686
30956.1036248,-1.892326348250577,-2.051493118283424
30956.2164053,-1.9488740905607593,-2.114818573489209
30956.3288623,-2.0403040797643204,-2.157163977519395
30956.4429228,-2.071976829529764,-2.124312914632141
30956.5563106,-2.0395470157645863,-2.0809715482696824
30956.6690173,-2.0313482942150336,-2.093349420770657
30956.7807593,-2.0842506979054587,-2.1544850118267442
30956.895515,-2.175452334672829,-2.1770935611881947
30957.0107319,-2.2315188520094393,-2.1188142999398893
30957.123964,-2.2222514626378924,-2.0646870387588545
30957.2396261,-2.2233038464885833,-2.070321094736307
30957.3533668,-2.2803241649731723,-2.1349026899260815
30957.466191,-2.349410762362243,-2.2085619931420126
30957.5782711,-2.33605995125257,-2.2118982988133995
30957.6925871,-2.2719699347159845,-2.146290556284828
30957.8080545,-2.2629833360312674,-2.07481260278758
30957.9198862,-2.3235763321920038,-2.0349693486227007
30958.0344726,-2.3752431322222654,-2.0348775577471736
30958.1453084,-2.3146502837702974,-2.0550184882560036
30958.2574838,-2.2154984172543575,-2.0620312985630727
30958.370474,-2.186457569673446,-2.043480357087794
30958.482691,-2.2155961230386585,-2.0156248829228396
30958.5967077,-2.210494591971095,-1.9996403007199584
30958.707901,-2.1277088930841206,-2.0034798951702713
30958.8191498,-2.0596800712598347,-2.0134205313574522
30958.9304699,-2.068973762903104,-2.018757466468429
30959.0417472,-2.136312246096434,-2.021317045253351
30959.1530348,-2.157302585054625,-2.0176643479800656
30959.2660201,-2.095191999068378,-2.0304414558440245
30959.3775042,-2.044081178711719,-2.0794272633540682
30959.4900463,-2.0513184145057375,-2.1471414255313683
30959.6040465,-2.095599125063152,-2.1656295566234087
30959.7170132,-2.0990400748178613,-2.091485378239239
30959.8312246,-2.047552197951343,-1.9932413490407406
30959.943525,-2.009410258103355,-1.944927169784971
30960.0568152,-2.0143533157705926,-1.960662884149365
30960.1699439,-2.0445982183021734,-2.0063343835969936
30960.2850145,-2.050077025986603,-2.0344654281975445
30960.3953624,-2.0258544380876335,-2.027337142028219
30960.5093325,-2.004074990552991,-2.006100124213161
30960.6198577,-1.9965222880963962,-1.9972041372409772
30960.7332686,-1.9837214535018155,-2.002139931783261
30960.8460306,-1.9504481156377995,-2.0079796778223282
30960.9592471,-1.9335982876052553,-2.002868851825043
30961.0712727,-1.9506341534892733,-1.982011228266635
30961.18374,-1.9862156195800174,-1.9565068930072658
30961.2941331,-1.9981770123910714,-1.9432980373393924
30961.406399,-1.9642458604659268,-1.9562713759605226
30961.5186918,-1.9454346686399449,-2.0114832408026024
30961.6297786,-1.973344012873683,-2.1101643522237246
30961.7412718,-2.0151986176461762,-2.199212367016966
30961.8542059,-2.0182458157778718,-2.204134962238494
30961.9665726,-1.963413111981905,-2.146637019754142
30962.0775856,-1.9224940408876903,-2.106567914518845
30962.1900289,-1.933738056120344,-2.135903091383703
30962.3033258,-1.9890250942196241,-2.2172748693531514
30962.4166605,-2.0613550368584033,-2.2722979531628376
30962.5289081,-2.092072459115059,-2.2435542004563445
30962.6450074,-2.0705040026905044,-2.1839407454047954
30962.7578613,-2.0204763456241386,-2.179428535893254
30962.8704913,-1.9628126003258193,-2.241392814501953
30962.9810776,-1.9374443432300328,-2.3451318628767237
30963.093794,-1.95699978592919,-2.429345810937185
30963.2056493,-1.9981127227170492,-2.439075619186443
30963.3182192,-2.0009676573721262,-2.400430919706266
30963.4290325,-1.9443900898294761,-2.351011658567097
30963.5396839,-1.899698830802067,-2.3390252454657734
30963.6508205,-1.9279565294238354,-2.360719934507297
30963.7630003,-2.027897691228284,-2.38053418267401
30963.8752801,-2.1043320822008975,-2.384534732649864
30963.9858495,-2.0351024544990217,-2.3860153516578384
30964.0972768,-1.908440074625109,-2.4189013938568724
30964.2102069,-1.8439967582354602,-2.463887921653552
30964.3240373,-1.8609620553712494,-2.472101749182678
30964.4366235,-1.9220358463708729,-2.4465713011098256
30964.5502845,-1.9571876831485173,-2.4371912201883954
30964.6636689,-1.949169656537506,-2.4599254327103313
30964.7750162,-1.9341566175783906,-2.4556515012168103
30964.8882266,-1.9309490178742392,-2.3757596777783436
30965.0018247,-1.920595198489408,-2.286585599876721
30965.1141364,-1.8912574559015483,-2.278048956695003
30965.2296159,-1.8672970919476262,-2.364918199335589
30965.3424541,-1.8699261157670024,-2.428762580423671
30965.4554077,-1.8881499550978194,-2.3267432221132083
30965.5683806,-1.8892891478523222,-2.172522603160331
30965.6804129,-1.869391993810882,-2.0972911935028367
30965.7935077,-1.8509967237067928,-2.116096014087869
30965.9062918,-1.8568094314527015,-2.1539750776215203
30966.0188784,-1.8828704094790911,-2.1205674449268495
30966.1337094,-1.9004594750197017,-2.0472980568178776
30966.2458314,-1.897093602845441,-2.0185891535382625
30966.3583583,-1.8812227928145315,-2.064525906623548
30966.4705253,-1.8703151031913183,-2.1419039450080724
30966.5818897,-1.8698353904146392,-2.158339990345089
30966.6927115,-1.8779956298369842,-2.0967720462393884
30966.8042178,-1.9046768731564276,-2.034245978862596
30966.9152338,-1.950239286353943,-2.023011975335313
30967.0273118,-1.988556904315653,-2.06304518412816
30967.1387966,-1.989433434492685,-2.122606298406562
30967.2499492,-1.970598173530287,-2.143902686837302
30967.3611153,-1.9934137191135346,-2.1147679802688573
30967.4726654,-2.0894418690531356,-2.0936398228580764
30967.583973,-2.21939730799073,-2.1213632801579894
30967.6948632,-2.2368802136101973,-2.197299589939695
30967.811933,-2.10139291929323,-2.258664353777522
30967.9220816,-1.9889404161520698,-2.223303099587233
30968.0350193,-1.9810564536133148,-2.153577906034797
30968.1461115,-2.0657609899023957,-2.1283918574423546
30968.258272,-2.150294922810027,-2.15041228624086
30968.3678626,-2.1031210010736596,-2.1992624966463454
30968.4779853,-1.9902778440258637,-2.2138827782627226
30968.5891735,-1.936113073062488,-2.1701223894006163
30968.7016405,-1.9654402614499416,-2.118014876932979
30968.81223,-2.023756490569307,-2.0926082437907634
30968.9234236,-2.018762798069272,-2.129737544653854
30969.0349476,-1.9531443038700573,-2.2045868630261634
30969.1470091,-1.9177361841370222,-2.2278122971590792
30969.2585205,-1.9549824100524034,-2.175735918215794
30969.3699433,-2.0475620966939228,-2.1267240947675656
30969.4817596,-2.1395137270971154,-2.1495464246693095
30969.5921925,-2.167082569339757,-2.2215385513758172
30969.7038249,-2.143732824447115,-2.2336353850344595
30969.8171427,-2.1208580733987805,-2.1578478893196023
30969.9287362,-2.1222780129976253,-2.1024466736348613
30970.0386453,-2.1648795586236425,-2.1403425135680156
30970.1496758,-2.248807415558167,-2.236982926562178
30970.2602738,-2.3547505158657627,-2.2801406648982456
30970.3725965,-2.4135984617722865,-2.220705322717425
30970.484927,-2.3967943377219947,-2.1328336085086006
30970.5973433,-2.3706798621896,-2.0921196725534412
30970.708008,-2.3461772596248847,-2.091536576633892
30970.8205738,-2.294819009621691,-2.087252918929264
30970.9314722,-2.2259667825426317,-2.071174190226733
30971.0431654,-2.188300549804883,-2.040545400981026
30971.154483,-2.1951647633609817,-2.0068786803435463
30971.2647501,-2.1927434841730244,-1.9917680876969746
30971.3770409,-2.113835190939205,-1.99299373135894
30971.4887249,-1.9898914468852391,-2.0107701554660427
30971.59996,-1.9040735817391594,-2.020930383596356
30971.7104628,-1.896116294871243,-1.9980212141571567
30971.8224008,-1.9540760229728873,-1.9692239479367089
